{"entities":{"pages":{"Вступление":{"id":"Вступление","title":"Вступление","url":"вступление.html","level":0,"tabIndex":0},"Основы-Java":{"id":"Основы-Java","title":"Основы Java","url":"основы-java.html","level":0,"tabIndex":1},"Структура-нашего-проекта-и-правила":{"id":"Структура-нашего-проекта-и-правила","title":"Структура нашего проекта и правила","url":"структура-нашего-проекта-и-правила.html","level":0,"tabIndex":2},"Opmode":{"id":"Opmode","title":"Opmode","url":"opmode.html","level":0,"tabIndex":3},"Взаимодействие-с-моторами":{"id":"Взаимодействие-с-моторами","title":"Взаимодействие с моторами","url":"взаимодействие-с-моторами.html","level":0,"tabIndex":4},"Взаимодействие-с-сервами":{"id":"Взаимодействие-с-сервами","title":"Взаимодействие с сервами","url":"взаимодействие-с-сервами.html","level":0,"tabIndex":5},"Механизмы":{"id":"Механизмы","title":"Механизмы","url":"механизмы.html","level":0,"tabIndex":6},"PedroPathing":{"id":"PedroPathing","title":"PedroPathing","url":"pedropathing.html","level":0,"tabIndex":7},"Камера":{"id":"Камера","title":"Камера","url":"камера.html","level":0,"tabIndex":8},"Расширеннок":{"id":"Расширеннок","title":"Расширенное","url":"расширеннок.html","level":0,"tabIndex":9},"Частые-ошибки":{"id":"Частые-ошибки","title":"Частые ошибки","url":"частые-ошибки.html","level":0,"tabIndex":10}}},"topLevelIds":["Вступление","Основы-Java","Структура-нашего-проекта-и-правила","Opmode","Взаимодействие-с-моторами","Взаимодействие-с-сервами","Механизмы","PedroPathing","Камера","Расширеннок","Частые-ошибки"]}